{"asks":[[63.49,50],[63.5,386.81130048],[63.666,0.23705379],[63.7,1.09780001],[63.75,0.15],[63.8,0.1],[63.899,0.8],[63.99,0.1],[63.999,4.2914],[64,31.73275733],[64.002,0.25],[64.056,0.2],[64.14,0.15],[64.2,28.63480617],[64.238,0.10032],[64.253,1.528],[64.45,2.1],[64.5,4],[64.52,0.1],[64.53,0.15],[64.697,0.2],[64.899,0.499],[64.92,0.15],[64.979,20],[64.993,1.74947067],[64.999,0.6],[65,24.04850274],[65.3,0.15],[65.344,0.2199],[65.65,0.9],[65.676,2.1],[65.69,0.15],[65.699,1.01009663],[65.98,10.60736262],[65.999,7.7932],[66,4.72644986],[66.08,0.15],[66.1,0.11],[66.363,1.4],[66.47,0.15],[66.732,5.229],[66.75,56],[66.86,0.15],[66.899,1],[66.997,1],[67,1],[67.215,0.1595646],[67.26,0.15],[68,5.86348952],[68.98,4.99],[69,17.38033252],[69.5,28.35590192],[69.8,2],[69.87,0.11],[69.94,0.5],[69.998,1.86738483],[69.999,9.34389524],[70,151.32620554],[73.085,0.2],[73.73,19.57926941],[74.9,0.5],[74.99,4],[75,6.281],[75.151,20],[78,0.58343849],[78.147,10],[79.147,10],[79.89,9.99000001],[79.997,2],[80,40.2045025],[83.085,0.1],[88.086,0.1],[88.147,10],[88.888,8],[89,1],[89.147,10],[89.994,2],[93.085,0.2],[98.147,10],[98.966,4],[98.999,100.90770268],[99,12380],[99.025,0.3],[99.147,30],[99.554,1],[99.9,0.137],[99.99,1.1],[99.999,10],[100,3.20474413]],"bids":[[63.251,3.3797],[63.25,3.149],[63.222,2.24854501],[63.22,4.5391],[63.215,0.2],[63.207,0.11855663],[63.2,5],[63.111,3.47782523],[63.11,2],[63,15],[62.803,0.2],[62.622,5.09889615],[62.621,0.6594177],[62.501,48.67490094],[62.5,4.1811],[62.499,0.1],[62.498,0.33326565],[62.497,0.3],[62.49,0.48],[62.331,0.1],[62.261,0.20341],[62.251,0.1],[62.195,0.7235],[62.192,0.12681775],[62.087,0.2174],[62.003,2.34565605],[62.002,5],[62,0.1],[61.986,1.40126],[61.985,1],[61.92,0.15],[61.9,0.37226959],[61.8,2.04532781],[61.7,1.425],[61.593,0.24424974],[61.575,0.3573],[61.56,0.15],[61.5,0.735826],[61.2,0.15],[61.011,0.15],[61.001,4.65493649],[61,24.87801627],[60.84,0.15],[60.8,5],[60.593,0.29265371],[60.5,45.5],[60.48,0.15],[60.2,5],[60.12,0.15],[60.11,4.36],[60.1,0.75],[60,27.88020061],[59.77,0.15],[59.75,1.02041523],[59.41,0.15],[59.05,0.15],[59.003,0.501],[59.002,0.245],[59,5],[58.69,0.15],[58.683,0.295],[58.682,0.57331114],[58.68,1.18188831],[58.6,5],[58.52,1],[58.5,33.505],[58,10.76835373],[57.4,8.9],[57.201,0.701],[57.045,1],[56.515,7.27],[56.508,0.2],[56.308,0.2],[55.345,0.5],[55,0.501],[54.978,0.24989937],[54.5,0.22],[54.36,2.6527],[54.21,1],[54.206,0.7],[54.002,0.2],[54,7.10394198],[53.781,0.2],[53.5,5],[53.201,1.601],[53.154,0.1],[53.139,0.20367171],[53.001,0.15],[52.209,9.61126096],[52.12,17.00721852],[52.01,9.572133],[52.005,0.30550841],[52,55],[51.94,0.48285619],[51.502,1.8],[51.489,0.29697605],[51.011,10.76815763],[51,2],[50.97,0.31420524],[50.101,0.324],[50.1,29.3],[50,1.7],[49.11,2.11442513],[48.8,2.03893444],[48.5,3.87],[48.008,0.5],[48,0.10683105],[47.9,2.73],[47.777,0.5],[47.61,125],[47,32.30141679],[45,4.40491051],[44.99,0.5],[44.661,27.7493736],[44.573,0.29830602],[44.501,0.20928105],[44.5,24.7658001],[44.444,0.10149537],[44.3,0.000006],[44.174,0.198],[44.141,0.10060941],[44.042,0.12604446],[44,0.39260764],[43.904,0.10035919],[43.51,1],[43.006,0.48128624],[43,2.11292353],[42.998,0.55145416],[42.9,0.5],[42.5,1.33],[42.4,1],[42.222,0.2],[42.058,0.2],[42.05,1],[42.007,0.16356999],[41.998,0.5],[41.843,28.02908533],[41.7,0.5],[41.5,1.9],[41.12,9.38254818],[40.301,0.1213718],[40.101,24.4386],[40.06,1.09171281],[40,3600.86207955],[39,979.32149587],[38.837,28],[38.42,1.96626505],[38.3,3],[35,1.96],[34.2,1.9208]]}